Pays,Produits,Fournisseur
Allemagne,Vetements,1
Allemagne,Vetements,2
Allemagne,Vetements,3
Allemagne,Vetements,4
Allemagne,Vetements,5
Allemagne,Vetements,6
Allemagne,Vetements,7
Allemagne,Batterie,8
Allemagne,Batterie,9
Allemagne,Batterie,10
Allemagne,Batterie,11
Allemagne,Batterie,12
Allemagne,Batterie,13
Allemagne,Batterie,14
Espagne,Batterie,15
Espagne,Batterie,16
Espagne,Batterie,17
Espagne,Batterie,18
Espagne,Vetements,19
Espagne,Vetements,20
Espagne,Vetements,21
Maroc,Vetements,22
Maroc,Vetements,23
Maroc,Vetements,24
Maroc,Vetements,25
Maroc,Batterie,26
Maroc,Batterie,27
Maroc,Batterie,28
Maroc,Vetements,29
France,Vetements,30
France,Batterie,31
France,Batterie,32
France,Batterie,33
France,Vetements,34
France,Vetements,35
France,Vetements,36
